chr21,10862846,.,A,T,622.0,PASS,"SNVSB=-64.1;SNVHPOL=3;ANN=T|missense_variant|MODERATE|IGHV1OR21-1|ENSG00000169861|transcript|ENST00000559480|IG_V_gene|2/2|c.142A>T|p.Ile48Phe|142/363|142/363|48/120||,T|missense_variant|MODERATE|IGHV1OR21-1|ENSG00000169861|transcript|ENST00000302092|IG_V_gene|2/2|c.142A>T|p.Ile48Phe|142/353|142/353|48/116||WARNING_TRANSCRIPT_INCOMPLETE",GT:GQ:GQX:DP:DPF:AD,"0/1:174:27:98:5:29,69"
chr21,10862853,.,G,A,19.0,LowGQXHetSNP,"SNVSB=-5.6;SNVHPOL=2;ANN=A|missense_variant|MODERATE|IGHV1OR21-1|ENSG00000169861|transcript|ENST00000559480|IG_V_gene|2/2|c.149G>A|p.Ser50Asn|149/363|149/363|50/120||,A|missense_variant|MODERATE|IGHV1OR21-1|ENSG00000169861|transcript|ENST00000302092|IG_V_gene|2/2|c.149G>A|p.Ser50Asn|149/353|149/353|50/116||WARNING_TRANSCRIPT_INCOMPLETE",GT:GQ:GQX:DP:DPF:AD,"0/1:52:1:100:3:78,22"
chr21,10862874,.,A,G,297.0,LowGQXHetSNP,"SNVSB=-32.6;SNVHPOL=4;ANN=G|missense_variant|MODERATE|IGHV1OR21-1|ENSG00000169861|transcript|ENST00000559480|IG_V_gene|2/2|c.170A>G|p.His57Arg|170/363|170/363|57/120||,G|missense_variant|MODERATE|IGHV1OR21-1|ENSG00000169861|transcript|ENST00000302092|IG_V_gene|2/2|c.170A>G|p.His57Arg|170/353|170/353|57/116||WARNING_TRANSCRIPT_INCOMPLETE",GT:GQ:GQX:DP:DPF:AD,"0/1:330:7:93:4:53,40"
chr21,10910311,.,T,G,382.0,PASS,"SNVSB=-45.2;SNVHPOL=4;ANN=G|missense_variant|MODERATE|TPTE|ENSG00000166157|transcript|ENST00000361285|protein_coding|22/24|c.1445A>C|p.Tyr482Ser|1775/2150|1445/1656|482/551||,G|missense_variant|MODERATE|TPTE|ENSG00000166157|transcript|ENST00000298232|protein_coding|21/23|c.1391A>C|p.Tyr464Ser|1759/2674|1391/1602|464/533||,G|missense_variant|MODERATE|TPTE|ENSG00000166157|transcript|ENST00000342420|protein_coding|20/22|c.1331A>C|p.Tyr444Ser|1661/2036|1331/1542|444/513||,G|non_coding_transcript_exon_variant|MODIFIER|TPTE|ENSG00000166157|transcript|ENST00000447568|processed_transcript|17/19|n.1499A>C||||||,G|non_coding_transcript_exon_variant|MODIFIER|TPTE|ENSG00000166157|transcript|ENST00000415664|processed_transcript|30/32|n.2961A>C||||||",GT:GQ:GQX:DP:DPF:AD,"0/1:144:33:56:8:16,40"
chr21,10910347,.,A,G,416.0,PASS,"SNVSB=-45.0;SNVHPOL=2;ANN=G|missense_variant|MODERATE|TPTE|ENSG00000166157|transcript|ENST00000361285|protein_coding|22/24|c.1409T>C|p.Leu470Pro|1739/2150|1409/1656|470/551||,G|missense_variant|MODERATE|TPTE|ENSG00000166157|transcript|ENST00000298232|protein_coding|21/23|c.1355T>C|p.Leu452Pro|1723/2674|1355/1602|452/533||,G|missense_variant|MODERATE|TPTE|ENSG00000166157|transcript|ENST00000342420|protein_coding|20/22|c.1295T>C|p.Leu432Pro|1625/2036|1295/1542|432/513||,G|non_coding_transcript_exon_variant|MODIFIER|TPTE|ENSG00000166157|transcript|ENST00000447568|processed_transcript|17/19|n.1463T>C||||||,G|non_coding_transcript_exon_variant|MODIFIER|TPTE|ENSG00000166157|transcript|ENST00000415664|processed_transcript|30/32|n.2925T>C||||||",GT:GQ:GQX:DP:DPF:AD,"0/1:174:39:61:3:19,42"
chr21,10920098,.,T,C,953.0,PASS,"SNVSB=-110.4;SNVHPOL=5;ANN=C|missense_variant|MODERATE|TPTE|ENSG00000166157|transcript|ENST00000361285|protein_coding|19/24|c.1156A>G|p.Lys386Glu|1486/2150|1156/1656|386/551||,C|missense_variant|MODERATE|TPTE|ENSG00000166157|transcript|ENST00000298232|protein_coding|18/23|c.1102A>G|p.Lys368Glu|1470/2674|1102/1602|368/533||,C|missense_variant|MODERATE|TPTE|ENSG00000166157|transcript|ENST00000342420|protein_coding|17/22|c.1042A>G|p.Lys348Glu|1372/2036|1042/1542|348/513||,C|non_coding_transcript_exon_variant|MODIFIER|TPTE|ENSG00000166157|transcript|ENST00000447568|processed_transcript|14/19|n.1210A>G||||||,C|non_coding_transcript_exon_variant|MODIFIER|TPTE|ENSG00000166157|transcript|ENST00000415664|processed_transcript|28/32|n.2778A>G||||||",GT:GQ:GQX:DP:DPF:AD,"1/1:211:47:71:2:0,71"
chr21,10942923,.,G,A,40.0,LowGQXHetSNP,"SNVSB=-6.1;SNVHPOL=6;ANN=A|missense_variant&splice_region_variant|MODERATE|TPTE|ENSG00000166157|transcript|ENST00000361285|protein_coding|12/24|c.664C>T|p.Arg222Trp|994/2150|664/1656|222/551||,A|missense_variant&splice_region_variant|MODERATE|TPTE|ENSG00000166157|transcript|ENST00000298232|protein_coding|11/23|c.610C>T|p.Arg204Trp|978/2674|610/1602|204/533||,A|missense_variant&splice_region_variant|MODERATE|TPTE|ENSG00000166157|transcript|ENST00000342420|protein_coding|10/22|c.550C>T|p.Arg184Trp|880/2036|550/1542|184/513||,A|splice_region_variant&non_coding_transcript_exon_variant|LOW|TPTE|ENSG00000166157|transcript|ENST00000447568|processed_transcript|7/19|n.718C>T||||||,A|splice_region_variant&non_coding_transcript_exon_variant|LOW|TPTE|ENSG00000166157|transcript|ENST00000415664|processed_transcript|21/32|n.2286C>T||||||",GT:GQ:GQX:DP:DPF:AD,"0/1:73:11:80:4:64,16"
chr21,10943003,.,C,T,50.0,PASS,"SNVSB=-7.1;SNVHPOL=2;ANN=T|missense_variant|MODERATE|TPTE|ENSG00000166157|transcript|ENST00000361285|protein_coding|12/24|c.584G>A|p.Arg195Gln|914/2150|584/1656|195/551||,T|missense_variant|MODERATE|TPTE|ENSG00000166157|transcript|ENST00000298232|protein_coding|11/23|c.530G>A|p.Arg177Gln|898/2674|530/1602|177/533||,T|missense_variant|MODERATE|TPTE|ENSG00000166157|transcript|ENST00000342420|protein_coding|10/22|c.470G>A|p.Arg157Gln|800/2036|470/1542|157/513||,T|non_coding_transcript_exon_variant|MODIFIER|TPTE|ENSG00000166157|transcript|ENST00000447568|processed_transcript|7/19|n.638G>A||||||,T|non_coding_transcript_exon_variant|MODIFIER|TPTE|ENSG00000166157|transcript|ENST00000415664|processed_transcript|21/32|n.2206G>A||||||",GT:GQ:GQX:DP:DPF:AD,"0/1:83:16:67:3:53,14"
chr21,14743864,.,A,T,71.0,PASS,SNVSB=5.5;SNVHPOL=4;ANN=T|missense_variant|MODERATE|AL050302.1|ENSG00000256715|transcript|ENST00000540061|protein_coding|2/4|c.68T>A|p.Val23Glu|68/144|68/144|23/47||WARNING_TRANSCRIPT_NO_STOP_CODON,GT:GQ:GQX:DP:DPF:AD,"0/1:104:21:37:7:22,15"
chr21,14982577,.,A,G,20.0,LowGQXHetSNP,SNVSB=-2.2;SNVHPOL=5;ANN=G|missense_variant|MODERATE|POTED|ENSG00000166351|transcript|ENST00000299443|protein_coding|1/11|c.28A>G|p.Thr10Ala|80/1826|28/1755|10/584||,GT:GQ:GQX:DP:DPF:AD,"0/1:53:14:48:3:38,10"
